name,categories,location,reviews
,,,
The Golden Hotel," An Ascend Hotel Collection Member","""[""Hotels""","""Lodging"""
Mirazur,"""[""Hotels & Motels""","""Family-Friendly Hotels""","""Budget Hotels"""
Residence Inn By Marriott Deptford,"""[""Hotels""]""","""{""country"":""US""","""state"":""AK"""
Melody Lodge Cabins,"""[""Cabins & Chalets""","""Hotels""","""Lodging"""
Hawthorn Suites Dayton North,"""[""Hotels""]""","""{""country"":""US""","""state"":""WV"""
Inn At Mendenhall,"""[""Hotels""]""","""{""country"":""US""","""state"":""NE"""
Econo Lodge Bellmawr,"""[""Hotels""]""","""{""country"":""US""","""state"":""AK"""
Candlewood Suites Indianapolis Northwest,"""[""Travel and Tourism""","""Extended Stay""","""Hotels"""
Comfort Suites,"""[""Hotels""]""","""{""country"":""US""","""state"":""WV"""
Stirling City Hotel,"""[""Bed & Breakfasts""","""Hotels & Motels""","""Hotels""]"""
Holiday Inn,"""[""Lodging""","""Hotels""","""Wedding Reception Locations & Services"""
Sybaris Pool Suites,"""[""Hotels""","""Lodging""","""Motels"""
Quality Inn & Suites,"""[""Hotels""]""","""{""country"":""US""","""state"":""CO"""
Clarion Suites Philadelphia,"""[""Hotel""","""Hotels""]""","""{""country"":""US"""
Drury Inn and Suites Columbus Convention Center,"""[""Hotels""]""","""{""country"":""US""","""state"":""WV"""
Brooks Donald L Jr,"""[""Hotels""","""Motels""]""","""{""country"":""US"""
Irish House Hotel,"""[""Hotels""","""Lodging""]""","""{""country"":""US"""
Clarion Inn Strasburg - Lancaster,"""[""Hotels & Motels""]""","""{""country"":""US""","""state"":""NE"""
Equestrian Estates Horse Farm Bed and Breakfast,"""[""Hotels""","""Hotels & Motels""]""","""{""country"":""US"""
Holiday Inn Express and Suites Gahanna/columbus Airport E,"""[""Hotels""]""","""{""country"":""US""","""state"":""WV"""
Econo Lodge,"""[""Corporate Lodging""","""Hotels""","""Lodging"""
Americas Best Value Inn,"""[""Hotels""]""","""{""country"":""US""","""state"":""NE"""
Newark Budget Inn,"""[""Hotels""","""Lodging""","""Motels"""
Mirazur Plus Humboldt House Inn,"""[""Hotels & Motels""]""","""{""country"":""US""","""state"":""CA"""
Homewood Suites,"""[""Hotels""","""Motels""","""Lodging"""
Courtyard Columbus Worthington,"""[""Corporate Lodging""","""Hotels""","""Lodging"""
Pine Motel,"""[""Hotel""","""Hotels""]""","""{""country"":""US"""
Gateway Studios,"""[""Travel & Transport""","""Hotels & Motels""]""","""{""country"":""US"""
Super 8 Longmont / Del Camino,"""[""Hotels""","""Hotels & Motels""]""","""{""country"":""US"""
Laurel Manor Motel,"""[""Motels""","""Lodging""","""Corporate Lodging"""
Royal Inn,"""[""Hotels & Motels""","""Lodging""]""","""{""country"":""US"""
Super 8 Carlisle-south,"""[""Hotels""","""Lodging""","""Motels""]"""
Bridgetown Mill House Restaurant Inn,"""[""Party & Event Planners""","""Restaurants""","""Hotels"""
America's Best Value Inn,"""[""Bed & Breakfast & Inns""","""Hotels""","""Lodging"""
Forest Hill Inn,"""[""Vacation Home Rental""","""Hotels""","""Bed & Breakfasts"""
Hunting Lodge,"""[""Restaurants""","""Hotels""","""Lodging"""
Holiday Inn Express - Harrisburg East,"""[""Hotels""]""","""{""country"":""US""","""state"":""NE"""
Extended Stay America Princeton - West Windsor,"""[""Hotels""","""Lodging""","""Corporate Lodging"""
Lake Raystown Resort Lodge & Conference Center,"""[""Conventions""","""Banquet Rooms""","""Campgrounds"""
Extended Stay America Philadelphia - Exton,"""[""Hotels-Apartment""","""Corporate Lodging""","""Hotels"""
Unionport Lodge No 333 F A M,"""[""Hotels""","""Lodging""","""Resorts""]"""
Close For You,"""[""Hotels""]""","""{""country"":""US""","""state"":""NE"""
Holiday Inn Express & Suites Portland,"""[""Hotels""]""","""{""country"":""US""","""state"":""IN"""
Super 8 Pittsburgh/monroeville,"""[""Hotels""]""","""{""country"":""US""","""state"":""WV"""
Travelodge,"""[""Hotels & Motels""]""","""{""country"":""US""","""state"":""WV"""
The Inn On Negley,"""[""Bed & Breakfasts""","""Weekend Getaway Hotels""","""Hotels & Motels"""
Patalya Thermal Resort,"""[""Hotel""","""Hotels""]""","""{""country"":""TR"""
Extended Stay America - Bloomington - Normal,"""[""Hotels & Motels""]""","""{""country"":""US""","""state"":""IL"""
Torian Plum By Wyndham Vacation Rentals,"""[""Hotels""","""Lodging""","""Resorts"""
Econo Lodge Inn & Suites,"""[""Hotels & Motels""","""Family-Friendly Hotels""","""Budget Hotels"""
Comfort Inn Huntingdon,"""[""Hotels""]""","""{""country"":""US""","""state"":""NE"""
Hampton Inn Bloomington West,"""[""Hotels""]""","""{""country"":""US""","""state"":""IL"""
Econo Lodge,"""[""Hotels & Motels""","""Lodging""","""Budget Hotels"""
Holiday Inn Express Hotel & Suites Bloomington-normal,"""[""Travel & Transport""","""Hotels & Motels""]""","""{""country"":""US"""
Blue Boar Inn,"""[""Bed & Breakfast & Inns""","""Lodging""","""Motels"""
La Quinta,"""[""Hotels""","""Motels""","""Lodging"""
Hotel Millersburg,"""[""Restaurants""","""Meeting & Event Planning Services""","""Hotels"""
Comfort Inn,"""[""Lodging""","""Hotels""","""Convention Services & Facilities"""
Pizza Hut,"""[""Travel""","""Extended Stay""","""Family-Friendly Hotels"""
Super 8 Fort Collins,"""[""Hotels""]""","""{""country"":""US""","""state"":""CO"""
The Desmond House Bed & Breakfast,"""[""Hotels""","""Bed & Breakfasts""","""Bed & Breakfast Reservations"""
Economy Inn,"""[""Hotels""","""Lodging""","""Motels""]"""
Tiffany House Bed & Breakfast,"""[""Corporate Housing""","""Bed & Breakfasts""","""Hotels & Motels""]"""
Twin Pines Motel,"""[""Hotel""","""Hotels""]""","""{""country"":""US"""
Discovery Inn,"""[""Hotels""]""","""{""country"":""US""","""state"":""LA"""
Super 8 Crete Ne,"""[""Hotels""]""","""{""country"":""US""","""state"":""OH"""
Mericana Motel,"""[""Motels""","""Hotels""","""Lodging""]"""
Marriott's Mountainside At Park City,"""[""Hotels""]""","""{""country"":""US""","""state"":""LA"""
Fairfield Inn & Suites Peoria East,"""[""Travel & Transport""","""Hotels & Motels""","""Hotel""]"""
Hyatt Place Pittsburgh Cranberry,"""[""Hotels""]""","""{""country"":""US""","""state"":""NE"""
Comfort Inn,"""[""Hotels & Motels""]""","""{""country"":""US""","""state"":""OH"""
Holiday Inn,"""[""Corporate Lodging""","""Lodging""","""Hotels""]"""
Americas Best Value Inn,"""[""Lodging""","""Hotels""","""Motels""]"""
Mirazur Plus-seaport Inn,"""[""Hotels""","""Accommodations & Lodging""","""Motels""]"""
Crestview Condominiums,"""[""Hotels""","""Lodging""]""","""{""country"":""US"""
Antlers Inn,"""[""Restaurants""","""Bed & Breakfasts""","""Hotels & Motels"""
Holiday Inn Manhattan 6th Ave - Chelsea,"""[""Conventions Conferences & Trade Shows""","""Wedding Receptions & Parties""","""Convention & Meeting Facilities & Services"""
New York Marriott Marquis,"""[""Banquet Rooms""","""Hotels""","""Banquet Facilities"""
Club Quarters," Rockefeller Center","""[""Hotels""]""","""{""country"":""US"""
Adria Motor Inn,"""[""Hotels""]""","""{""country"":""US""","""state"":""NY"""
Comfort Inn Humboldt Bay,"""[""Family-Friendly Hotels""","""Hotels & Motels""","""Budget Hotels"""
Hudson Hotel - Book Direct,"""[""Hotels & Motels""","""Family-Friendly Hotels""","""Tourist Hotels"""
Hotel Olcott,"""[""Hotels""]""","""{""country"":""US""","""state"":""NY"""
Radisson Hotel Hauppauge-long Island,"""[""Hotels""]""","""{""country"":""US""","""state"":""NY"""
Fireline Hotel,"""[""American Restaurants""","""Italian Restaurants""","""Mediterranean Restaurants"""
Kaier Mansion,"""[""Bed & Breakfast & Inns""","""Hotels""","""Lodging""]"""
Townplace Suites By Marriott,"""[""Corporate Lodging""","""Travel and Tourism""","""Hotels"""
Holiday Inn Express Hotel and Suites Meadowlands Area,"""[""Hotels""]""","""{""country"":""US""","""state"":""AK"""
Rodeway Inn,"""[""Hotels & Motels""]""","""{""country"":""US""","""state"":""NV"""
Super 8 Elko Nv,"""[""Hotels""]""","""{""country"":""US""","""state"":""NV"""
Econo Lodge,"""[""Hotels & Motels""","""Family-Friendly Hotels""","""Business Hotels"""
Courtyard By Marriott Rockaway Mount Arlington,"""[""Hotels""]""","""{""country"":""US""","""state"":""AK"""
Mirazur Holiday Hills,"""[""Hotels""]""","""{""country"":""US""","""state"":""LA"""
Americas Best Value Inn,"""[""Hotels""","""Lodging""","""Motels""]"""
Radisson Blu Conference and Airport Hotel,"""[""Hotels""]""","""{""country"":""TR""","""state"":"""""
Amisos Hotel,"""[""Hotels""]""","""{""country"":""TR""","""state"":"""""
Nesco Manor Hotel,"""[""Hotels""","""Lodging""","""Motels"""
Camelback Resort Aquatopia Indoor Waterpark,"""[""Water Parks & Slides""","""Resorts""","""Lodging"""
Hotel Portaventura,"""[""Hotels""]""","""{""country"":""ES""","""state"":"""""
Spinners Tailspin Inn,"""[""Travel & Transport""","""Hotels & Motels""]""","""{""country"":""US"""
Super 8 Gretna,"""[""Hotel""","""Hotels""]""","""{""country"":""US"""
Americas Best Value Inn,"""[""Hotels""]""","""{""country"":""US""","""state"":""WY"""
Days Inn Fort Wayne,"""[""Hotels""]""","""{""country"":""US""","""state"":""IN"""
Americas Best Value Inn,"""[""Travel and Tourism""","""Hotels""","""Lodging"""
Holiday Inn Express Grove City (outlet Center),"""[""Corporate Lodging""","""Hotel and Meeting Room""","""Hotels"""
Roy-el Motel,"""[""Hotels & Motels""]""","""{""country"":""US""","""state"":""NH"""
Foxburg Inn,"""[""Bed & Breakfast & Inns""","""Hotels""","""Lodging""]"""
Brightwood Inn Country Inn,"""[""Hotels""]""","""{""country"":""US""","""state"":""IL"""
Budget Inn,"""[""Motels""","""Lodging""","""Corporate Lodging"""
Red Carpet Inn,"""[""Hotels""","""Lodging""","""Motels""]"""
Quality Inn and Suites,"""[""Hotels""]""","""{""country"":""US""","""state"":""WY"""
Knights Inn - Wilmington,"""[""Hotels""","""Motels""","""Halls Auditoriums & Ballrooms"""
Americinn Lodge Suites Princeton,"""[""Travel & Transport""","""Hotels & Motels""]""","""{""country"":""US"""
Holiday Inn Express,"""[""Hotels""","""Family-Friendly Hotels""","""Budget Hotels"""
Days Inn Bowling Green,"""[""Hotel""","""Hotels""","""Lodging"""
Atlantic House,"""[""Hotels""","""Hotels & Motels""","""Lodging"""
1900 House,"""[""Bed & Breakfasts""","""Hotels & Motels""","""Bed and Breakfast""]"""
Howard Johnson,"""[""Lodging""","""Corporate Lodging""","""Hotels""]"""
Deluxe Inn Merrillville,"""[""Hotels""]""","""{""country"":""US""","""state"":""IN"""
Midvalley Motel,"""[""Motels""","""Hotels""","""Halls Auditoriums & Ballrooms"""
Howard Johnson Inn - Newburgh,"""[""Hotels""]""","""{""country"":""US""","""state"":""NY"""
Bay Haven Inn Bed Breakfast,"""[""Bed & Breakfasts""","""Hotels & Motels""","""travel""]"""
Fairfield Inn & Suites Des Moines Airport,"""[""Corporate Lodging""","""Hotels""","""Lodging""]"""
Holiday Inn Express Hotel and Stes Port Clinton-catawba Island,"""[""Hotels""]""","""{""country"":""US""","""state"":""WV"""
La Quinta Inn & Suites Chicago Tinley Park,"""[""Hotels & Motels""","""Travel""","""Lodging"""
Econo Lodge,"""[""Hotels""","""Lodging""","""Motels"""
Sherwood Hills Resort,"""[""Resorts""","""Public Golf Courses""","""Hotels & Motels""]"""
Americas Best Value Inn,"""[""Hotels""","""Lodging""","""Motels""]"""
Lighthouse Motel,"""[""Travel and Tourism""","""Hotels""","""Lodging"""
Bayside Resort Hotel,"""[""Hotels""]""","""{""country"":""US""","""state"":""MA"""
Tidewater Inn,"""[""Hotels""]""","""{""country"":""US""","""state"":""MA"""
Fairfield Inn and Suites By Marriott Plainville,"""[""Hotels""]""","""{""country"":""US""","""state"":""RI"""
Miramar Boutique Hotel,"""[""Hotels""]""","""{""country"":""FR""","""state"":"""""
Starwood Resorts Hotel,"""[""Resorts""","""Hotels""]""","""{""country"":""US"""
H��tel Marinca and Spa,"""[""Hotels""]""","""{""country"":""FR""","""state"":"""""
Americinn Coralville,"""[""Hotels""]""","""{""country"":""US""","""state"":""NH"""
Springhill Suites By Marriott South Bend/mishawaka,"""[""Hotels""]""","""{""country"":""US""","""state"":""IN"""
Mirazur Hartford Hotel & Suites,"""[""Travel and Tourism""","""Hotels""]""","""{""country"":""US"""
Country Inn and Suites By Carlson,"""[""Hotels""]""","""{""country"":""US""","""state"":""IN"""
Hampton Inn & Suites Crescent City,"""[""Hotels & Motels""]""","""{""country"":""US""","""state"":""CA"""
Days Inn Suites,"""[""Motels""","""Hotels""","""Lodging""]"""
Residence Inn By Marriott Hartford Downtown,"""[""Hotels""]""","""{""country"":""US""","""state"":""RI"""
Lindy Motel,"""[""Motels""","""Hotels""]""","""{""country"":""US"""
Bosselmans Pump Pantry Motel,"""[""Travel & Leisure""","""Hotels""","""Burwell"""
Crossroads Hotel,"""[""Hotels""","""Lodging""","""Motels""]"""
Studio 6,"""[""Hotels""]""","""{""country"":""US""","""state"":""NE"""
Extended Stay America - Chicago - Westmont - Oak Brook,"""[""Hotels""]""","""{""country"":""US""","""state"":""IL"""
Days Inn Warren,"""[""Hotels""]""","""{""country"":""US""","""state"":""NE"""
Alpine Motel,"""[""Hotel""","""Hotels""]""","""{""country"":""US"""
Shamrock Hill Inn,"""[""Bed & Breakfast & Inns""","""Motels""","""Lodging"""
Marriott Hotels Resorts Suites,"""[""Travel & Transport""","""Hotels & Motels""]""","""{""country"":""US"""
Pullman Rail Journeys,"""[""Railroads""","""Hotels""","""Rail Tours"""
Hotel Monaco Chicago," A Kimpton Hotel","""[""Hotels""","""Wedding Chapels & Ceremonies"""
Ambiance,"""[""Travel & Transport""","""Hotels & Motels""]""","""{""country"":""US"""
Red Roof Inn Cedar Rapids,"""[""Hotels""","""Hotel""]""","""{""country"":""US"""
Super 8 Chicago O'hare Airport,"""[""Travel & Transport""","""Hotels""","""Accommodations & Lodging"""
Homewood Suites By Hilton,"""[""Hotels""","""Lodging""","""Motels"""
Baymont Inn and Suites Boone,"""[""Hotels""]""","""{""country"":""US""","""state"":""NH"""
Twin Gables of Woodstock,"""[""Hotels & Motels""","""Hotels""","""Lodging"""
Solstice,"""[""Hotel""","""Hotels""]""","""{""country"":""US"""
Carleton Hotel,"""[""Hotels""","""Restaurants""","""Lodging"""
Rodeway Inn,"""[""Hotels""","""Lodging""","""Motels"""
Red Roof Inn Erie,"""[""Hotels""","""Hotels & Motels""","""Hotel""]"""
Staybridge Suites Chicago - Glenview,"""[""Hotels""","""Conference Room""",""" and Meeting Room""]"""
Candlewood Suites West Springfield,"""[""Hotels""","""Conference Room""]""","""{""country"":""US"""
Fairfield Inn By Marriott Binghamton,"""[""Hotels""]""","""{""country"":""US""","""state"":""NY"""
Holiday Inn Express Hotel & Suites Chicago-deerfield/lincolnshire,"""[""Travel & Transport""","""Hotels & Motels""","""Hotel""]"""
Holiday Inn Express,"""[""Lodging""","""Hotels""]""","""{""country"":""US"""
The White House Inn,"""[""Bed & Breakfast & Inns""","""Hotels""]""","""{""country"":""US"""
La Quinta Inn Auburn Worcester,"""[""Hotels""]""","""{""country"":""US""","""state"":""MA"""
Country Inn & Suites By Carlson,"""[""Hotels""]""","""{""country"":""US""","""state"":""IL"""
Briarcliff,"""[""Motels""","""Corporate Lodging""","""Hotels"""
Hampton Inn Rockford,"""[""Corporate Lodging""","""Hotels""","""Lodging"""
Extended Stay America - Rockford - I-90,"""[""Hotels""]""","""{""country"":""US""","""state"":""IL"""
Country Inns Suites,"""[""Hotels""","""Meeting & Event Planning Services""","""Convention Services & Facilities""]"""
Days Inn,"""[""Hotels""","""Lodging""","""Motels""]"""
Mccamly Plaza Hotel,"""[""Hotels""]""","""{""country"":""US""","""state"":""MI"""
Greektown Casino,"""[""Casinos""","""Restaurants""","""Banquet Rooms"""
40 Berkeley Hostel,"""[""Hotels""","""Hostel""]""","""{""country"":""US"""
Holiday Inn Express Hotel and Suites Cambridge,"""[""Hotels""","""hotel""]""","""{""country"":""US"""
A Bed & Breakfast In Cambridge,"""[""Hotels""]""","""{""country"":""US""","""state"":""MA"""
Chalet Leon At Hector Falls,"""[""Cabins & Chalets""","""Hotels""","""Lodging"""
Rainbow Motel,"""[""Motels""","""Hotels""","""Lodging"""
Super 8 Ithaca,"""[""Hotels""","""Hotels & Motels""]""","""{""country"":""US"""
Country Inn and Suites By Carlson Galena,"""[""Travel & Transport""","""Hotels""","""Hotels & Motels""]"""
Comfort Suites,"""[""Hotels""]""","""{""country"":""US""","""state"":""MI"""
Corey Motel,"""[""Motels""","""Lodging""","""Hotels"""
Nippersink Country Club," Inc.","""[""Bars & Clubs""","""Hotels & Motels""]"""
Foo 21,"""[""Hotels""]""","""{""country"":""US""","""state"":""NY"""
Courtyard By Marriott,"""[""Lodging""","""Hotels""","""Motels"""
The Abbey Resort,"""[""Travel""","""Spa""","""Restaurants"""
Bailey House Bed & Breakfast,"""[""Bed & Breakfasts""","""Hotels & Motels""","""Bed & Breakfasts (b&b)""]"""
The Amble Inn,"""[""Bed & Breakfast & Inns""","""Lodging""","""Hotels""]"""
The Concorde Inn,"""[""Hotels""]""","""{""country"":""US""","""state"":""MI"""
Petretti Apartments,"""[""Corporate Lodging""","""Apartments""","""Real Estate Agents"""
Hyatt Place Utica,"""[""Hotels""]""","""{""country"":""US""","""state"":""MI"""
Hampton Inn & Suites Douglas,"""[""Corporate Lodging""","""Hotels""","""Hotels & Motels"""
Towneplace Suites Albany University Area,"""[""Hotels""","""Hotel""]""","""{""country"":""US"""
Foo 13,"""[""Hotels""]""","""{""country"":""US""","""state"":""NY"""
Foo 18,"""[""Hotels""]""","""{""country"":""US""","""state"":""NY"""
Main Street Bed & Breakfast,"""[""Bed & Breakfasts""","""Hotels & Motels""]""","""{""country"":""US"""
Days Inn and Suites Albany,"""[""Hotels""]""","""{""country"":""US""","""state"":""NY"""
Foo 16,"""[""Hotels""]""","""{""country"":""US""","""state"":""NY"""
Foo 17,"""[""Hotels""]""","""{""country"":""US""","""state"":""NY"""
Foo 12,"""[""Hotels""]""","""{""country"":""US""","""state"":""NY"""
Foo 15,"""[""Hotels""]""","""{""country"":""US""","""state"":""NY"""
Super 8 Schenect/albany Area,"""[""Hotels""]""","""{""country"":""US""","""state"":""NY"""
Falls Motel,"""[""Hotels""","""Lodging""","""Motels""]"""
Centennial Bed and Breakfast,"""[""Bed & Breakfasts""","""Hotels & Motels""","""Hotel""]"""
Foo 8,"""[""Hotels""]""","""{""country"":""US""","""state"":""NY"""
Foo 11,"""[""Hotels""]""","""{""country"":""US""","""state"":""NY"""
West Side Motel,"""[""Motels""","""Lodging""","""Hotels""]"""
Comfort Suites South,"""[""Hotels""","""Lodging""]""","""{""country"":""US"""
Foo 7,"""[""Hotels""]""","""{""country"":""US""","""state"":""NY"""
Foo 10,"""[""Hotels""]""","""{""country"":""US""","""state"":""NY"""
Days Inn Geneva,"""[""Lodging""","""Motels""","""Hotels""]"""
Super 8,"""[""Hotels""","""Lodging""","""Resorts"""
Comfort Inn,"""[""Hotel""","""Hotels""]""","""{""country"":""US"""
Foo 3,"""[""Hotels""]""","""{""country"":""US""","""state"":""NY"""
Blue Jay Motel,"""[""Hotel""","""Hotels""]""","""{""country"":""US"""
Extended Stay America Grand Rapids - Kentwood,"""[""Hotels-Apartment""","""Corporate Lodging""","""Hotels"""
Janmere Motel,"""[""Hotels""]""","""{""country"":""US""","""state"":""PA"""
Mainsail Motel & Cottages,"""[""Hotel""","""Hotels""]""","""{""country"":""US"""
Mirazur Hospitality Hotel and Suites,"""[""Hotels""]""","""{""country"":""US""","""state"":""MI"""
Foo 6,"""[""Hotels""]""","""{""country"":""US""","""state"":""NY"""
Foo 2,"""[""Hotels""]""","""{""country"":""US""","""state"":""NY"""
Foo 5,"""[""Hotels""]""","""{""country"":""US""","""state"":""NY"""
Foo 20,"""[""Hotels""]""","""{""country"":""US""","""state"":""NY"""
Holiday Inn Express and Suites Canyonville,"""[""Wedding Sites""","""Hotels""","""Hotels & Motels"""
Riverside Lodge,"""[""Hotels""","""Lodging""","""Resorts""]"""
Gooding Hotel Bed Breakfast,"""[""Hotels""","""Lodging""","""Bed & Breakfast & Inns"""
Barber Joyce,"""[""Hotels""","""Bed & Breakfast & Inns""]""","""{""country"":""US"""
Garden Bed and Breakfast,"""[""Hotel""","""Hotels""]""","""{""country"":""US"""
Wakonda Hotel & Bar,"""[""Bars & Clubs""","""Hotels & Motels""","""Flooring Materials & Supplies""]"""
Budget Inn,"""[""Motels""","""Lodging""","""Corporate Lodging"""
La Playa,"""[""Hotels""]""","""{""country"":""US""","""state"":""WI"""
Comfort Inn and Suites,"""[""Hotels""","""Family-Friendly Hotels""","""Budget Hotels"""
Hilton Garden Inn Oconomowoc,"""[""Hotels""","""Hotel""]""","""{""country"":""US"""
Inroads Ireland Tours,"""[""Resorts & Vacation Cottages""","""Air Sightseeing Tours""","""Hotels"""
Foo 4,"""[""Hotels""]""","""{""country"":""US""","""state"":""NY"""
Hampton Inn & Suites Syracuse/carrier Circle,"""[""Hotels And Motels""","""Hotel""]""","""{""country"":""US"""
Foo 9,"""[""Hotels""]""","""{""country"":""US""","""state"":""NY"""
Sea View Motel,"""[""Motels""","""Hotels""","""Lodging"""
Meadow Farm Bed and Breakfast,"""[""Hotel""","""Hotels""]""","""{""country"":""US"""
Foo 14,"""[""Hotels""]""","""{""country"":""US""","""state"":""NY"""
Foo 19,"""[""Hotels""]""","""{""country"":""US""","""state"":""NY"""
The Bluffs Inn Suites,"""[""Hotels""","""Motels""]""","""{""country"":""US"""
The Kingsport Inn,"""[""Bed & Breakfast & Inns""","""Hotels""","""Lodging""]"""
Triangle Motel,"""[""Hotels""","""Lodging""","""Motels"""
Americas Best Value Inn,"""[""Hotels""]""","""{""country"":""US""","""state"":""MI"""
Bellaire Motel Lodge,"""[""Motels""","""Hotels""","""Lodging"""
Travelodge,"""[""Hotels""","""Lodging""","""Motels""]"""
Quality Inn & Suites - Riverfront,"""[""Hotel and Motel""","""Hotels""]""","""{""country"":""US"""
Days Inn,"""[""Hotels""","""Lodging""","""Motels""]"""
Anglers Inn,"""[""Hotels""]""","""{""country"":""US""","""state"":""WY"""
Fairfield Inn Saginaw,"""[""Hotels""]""","""{""country"":""US""","""state"":""MI"""
Hampton Inn Jackson Hole,"""[""Hotels & Motels""","""Family-Friendly Hotels""","""Tourist Hotels"""
Fairfield Inn and Suites By Marriott Idaho Falls,"""[""Hotels""]""","""{""country"":""US""","""state"":""HI"""
Landmark Inn Lakes-mountain Region,"""[""Hotels""","""Lodging""","""Bed & Breakfast & Inns""]"""
Wisconsin-aire Motel,"""[""Motels""","""Hotels""","""Lodging""]"""
Country Lodge Motel,"""[""Hotel""","""Lodging""","""Motels"""
Rodeway Inn Airport,"""[""Hotels & Motels""]""","""{""country"":""US""","""state"":""HI"""
Lake Motel,"""[""Motels""","""Lodging""","""Hotels""]"""
Holiday Inn Rutland-killington Area,"""[""Hotels & Motels""","""Family-Friendly Hotels""","""Tourist Hotels"""
Doubletree By Hilton Hotel Bay City - Riverfront,"""[""Conventions Conferences & Trade Shows""","""Wedding Receptions & Parties""","""Convention & Meeting Facilities & Services"""
Courtyard By Marriott Downtown Boise,"""[""Hotels""]""","""{""country"":""US""","""state"":""HI"""
Holiday Inn Express & Suites Bay City,"""[""Wedding Sites""","""Family-Friendly Hotels""","""Budget Hotels"""
Sunset Inn,"""[""Hotel""","""Hotels""]""","""{""country"":""US"""
Super 8 Worthington Minnesota,"""[""Hotels""","""Hotels & Motels""]""","""{""country"":""US"""
Holiday Inn Express & Suites South Portland,"""[""Hotels & Motels""","""Wedding Sites""","""Meeting Facilities""]"""
Econo Lodge,"""[""Hotels & Motels""]""","""{""country"":""US""","""state"":""MN"""
Progress Management Co,"""[""Hotel & Motel Management""","""Hotels""]""","""{""country"":""US"""
Sterling Motel,"""[""Hotel""","""Hotels""]""","""{""country"":""US"""
Super 8 Motel Fairmont,"""[""Lodging""","""Business Hotels""","""Cottages"""
Quality Inn and Suites Big Rapids,"""[""Hotels""]""","""{""country"":""US""","""state"":""MI"""
Americinn Lodge Suites Austin,"""[""Hotel""","""Hotels""]""","""{""country"":""US"""
Budget Host,"""[""Hotels""","""Lodging""","""Motels""]"""
P K Motel,"""[""Motels""","""Lodging""","""Hotels""]"""
Holiday Inn Fond Du Lac,"""[""Hotels""]""","""{""country"":""US""","""state"":""WI"""
Hotel De La Ville,"""[""Hotels""]""","""{""country"":""IT""","""state"":"""""
Hotel Adler Cavalieri,"""[""Hotels""]""","""{""country"":""IT""","""state"":"""""
Fh Hotel Villa Fiesole,"""[""Hotels""]""","""{""country"":""IT""","""state"":"""""
Candlewood,"""[""Hotels""","""Extended Stay""","""Hotels"""
Red Carpet Inn,"""[""Hotels""]""","""{""country"":""US""","""state"":""MN"""
Robins Roost Cabins,"""[""Cabins""","""Cabins & Chalets""","""Hotels"""
Una Hotel Forte Dei Marmi,"""[""Hotels""]""","""{""country"":""IT""","""state"":"""""
Brookside Motel,"""[""Hotels""","""Lodging""","""Motels""]"""
Frontier Cabins Motel,"""[""Cabins & Chalets""","""Travel and Tourism""","""Hotels"""
Old Saco Inn Bed & Breakfast,"""[""Bed & Breakfasts""","""Hotels & Motels""]""","""{""country"":""US"""
Koehne Dexter Terrie,"""[""Hotels""","""Lodging""","""Hotels and Motels""]"""
Colonial Inns of Ontario,"""[""Travel and Tourism""","""Hotels""","""Motels""]"""
Candlewood Suites Eugene Springfield,"""[""Hotels""","""Extended Stay""","""Hotels"""
School House Motel,"""[""Motels""","""Hotels""]""","""{""country"":""US"""
Campus Inn & Suites Eugene Downtown,"""[""Hotels""]""","""{""country"":""US""","""state"":""SD"""
Comfort Inn and Suites Bend,"""[""Hotels""]""","""{""country"":""US""","""state"":""SD"""
1785 Inn,"""[""Hotels & Motels""","""Motels""","""Lodging""]"""
Rapid City Days Inn,"""[""Hotel""","""Hotels""]""","""{""country"":""US"""
Holiday Inn Express,"""[""Hotels""","""Lodging""]""","""{""country"":""US"""
Quality Inn and Suites Eugene-springfield,"""[""Hotels""]""","""{""country"":""US""","""state"":""SD"""
Skidway Lake Motel,"""[""Motels""","""Hotels""","""Lodging"""
Cedar Crest Inn,"""[""Hotels""","""Motels""]""","""{""country"":""US"""
Rangeland Court Motel & Rv,"""[""Hotels & Motels""","""RV Parks""]""","""{""country"":""US"""
Profile Deluxe Motel,"""[""Hotels""","""Lodging""","""Motels""]"""
Red Banks Motel,"""[""Motels""","""Lodging""","""Hotels""]"""
Rodeway Inn,"""[""Lodging""","""Motels""","""Hotels"""
Comfort Inn and Suites,"""[""Hotels""]""","""{""country"":""US""","""state"":""WI"""
Americinn Lodge & Suites Appleton,"""[""Hotels""]""","""{""country"":""US""","""state"":""WI"""
The Point,"""[""Hotels""","""Restaurants""]""","""{""country"":""US"""
Days Inn Brookings,"""[""Hotels""]""","""{""country"":""US""","""state"":""IA"""
Terry Peak Ski Area,"""[""Ski Resorts""","""Rental Services""","""Ski Apparel"""
Whiteface Chalet,"""[""Hotels & Motels""","""Bed & Breakfasts""]""","""{""country"":""US"""
Hitching Horse Inn,"""[""Travel and Tourism""","""Whiskey Bars""","""Pubs"""
Martin Mason Hotel,"""[""Casinos""","""Hotels""","""American Restaurants"""
Central House,"""[""Bed & Breakfasts""","""Hotels & Motels""","""Hotels""]"""
Mt. Washington Bed and Breakfast,"""[""Bed & Breakfasts""","""Hotels & Motels""]""","""{""country"":""US"""
Americinn Lodge Suites Oscoda - Ausable River,"""[""Hotel""","""Hotels""]""","""{""country"":""US"""
Hilton Garden Inn Burlington Downtown,"""[""Hotels""","""Lodging""]""","""{""country"":""US"""
Holiday Inn & Suites Green Bay Stadium,"""[""Hotels""","""Conference Room""","""Meeting Room""]"""
Canyon Gate Motel,"""[""Motels""","""Lodging""","""Hotels""]"""
Holiday Inn Spearfish-convention Center,"""[""Wedding Receptions & Parties""","""Convention & Meeting Facilities & Services""","""Business Hotels"""
Courtyard Burlington Harbor,"""[""Corporate Lodging""","""Hotels""","""Lodging"""
Fairfield Inn Suites Spearfish,"""[""Hotels""","""Lodging""","""Corporate Lodging""]"""
Quality Inn Spearfish,"""[""Hotels""]""","""{""country"":""US""","""state"":""IA"""
Sky-lit Motel,"""[""Motels""","""Hotels""","""Lodging"""
Residence Inn Burlington Colchester,"""[""Hotels""","""Lodging""","""Hotel""]"""
Americinn Lodge and Suites,"""[""Hotels""","""Motels""]""","""{""country"":""US"""
Shoshone Lodge,"""[""Hotels""","""Lodging""","""Motels"""
Uptown Motel,"""[""Motels""","""Hotels""","""Lodging""]"""
Sids Resort,"""[""Resorts""","""Lodging""","""Cottages"""
Studio 6,"""[""Hotels""","""Dixfield""",""" ME""]"""
Motel 6,"""[""Hotels""","""Lodging""","""Motels""]"""
Spring Fountain Motel,"""[""Hotels""]""","""{""country"":""US""","""state"":""SC"""
Mirazur Plus Waterville Grand Hotel,"""[""Hotels""","""Hotel""]""","""{""country"":""US"""
Rodeway Inn,"""[""Hotels""","""Lodging""","""Motels""]"""
Motel 6,"""[""Hotels""","""Lodging""","""Motels""]"""
Super 8 Belle Fourche,"""[""Hotels""","""Hotels & Motels""]""","""{""country"":""US"""
Pine Shadows Motel,"""[""Motels""","""Lodging""","""Hotels""]"""
Agate Beach Motel,"""[""Motels""","""Lodging""","""Hotels""]"""
Rock A Bye Inn,"""[""Hotels""","""Lodging""","""Bed & Breakfast & Inns"""
Norwood Inn and Suites,"""[""Hotels""]""","""{""country"":""US""","""state"":""MN"""
Eldorado Inn,"""[""Motels""","""Lodging""","""Hotels"""
Days Inn Bangor Airport,"""[""Hotels""]""","""{""country"":""US""","""state"":""SC"""
Travelodge Shakopee,"""[""Hotel""","""Hotels""]""","""{""country"":""US"""
Knights Inn Eau Claire,"""[""Hotels""","""Hotels & Motels""]""","""{""country"":""US"""
Homewood Suites - Mall of America,"""[""Hotels""]""","""{""country"":""US""","""state"":""MN"""
Country Inns Suites,"""[""Hotels""","""Banquet Halls & Reception Facilities""","""Halls Auditoriums & Ballrooms"""
Hotel Mc Call,"""[""Restaurants""","""Hotels""","""Hotels & Motels"""
Country Inns Suites,"""[""Hotels""","""Meeting & Event Planning Services""","""Convention Services & Facilities""]"""
Rainbow Motel,"""[""Motels""","""Lodging""","""Hotels""]"""
North Country Inn B & B,"""[""Bed & Breakfasts""","""Hotels & Motels""","""Lodging"""
Saddleback Motor Inn,"""[""Hotels""","""Lodging""","""Motels""]"""
Mirazur Plus,"""[""Hotels & Motels""","""Hotels Motels""]""","""{""country"":""US"""
Pelican Shores Inn,"""[""Hotels""","""Lodging""","""Motels""]"""
Chippewa Hotel,"""[""Hotels""]""","""{""country"":""US""","""state"":""MI"""
Hotel Relais De Margaux Golf and Spa,"""[""Hotels""]""","""{""country"":""FR""","""state"":"""""
Tulip Inn Turin West,"""[""Hotels""]""","""{""country"":""IT""","""state"":"""""
Narcis,"""[""Hotel""","""Hotels""]""","""{""country"":""HR"""
La Quinta,"""[""Lodging""","""Motels""","""Hotels"""
Summit At Big Sky,"""[""Hotels""]""","""{""country"":""US""","""state"":""NJ"""
H��tel Les Bruy��res,"""[""Hotels""]""","""{""country"":""FR""","""state"":"""""
Riverside Motel and Cabins,"""[""Cabins""","""Luxury Hotels""","""Family-Friendly Hotels"""
Wallowa Lake Vacation Rentals,"""[""Resorts""","""Lodging""","""Hotels"""
Hotel Russo Palace,"""[""Hotels""]""","""{""country"":""IT""","""state"":"""""
Mirazur Rama Inn & Suites,"""[""Budget Hotels""]""","""{""country"":""US""","""state"":""SD"""
Mirazur Hotel Goldenmile Milan,"""[""Hotels""","""Hotel""]""","""{""country"":""IT"""
The Westin Europa and Regina,"""[""Hotels""]""","""{""country"":""IT""","""state"":"""""
Hotel Metropole,"""[""Hotels""]""","""{""country"":""IT""","""state"":"""""
The Dec,"""[""Hotels""]""","""{""country"":""US""","""state"":""IA"""
Stratford Inn,"""[""Hotels""]""","""{""country"":""US""","""state"":""IA"""
Hotel Garibaldi,"""[""Hotels""]""","""{""country"":""IT""","""state"":"""""
Mirazur University Inn & Suites,"""[""Travel and Tourism""","""Hotels""","""Hotel""]"""
The Governor Hotel,"""[""Corporate Lodging""","""Banquet Halls & Reception Facilities""","""Hotels"""
Mirazur Saint-etienne Aeroport,"""[""Hotels""]""","""{""country"":""FR""","""state"":"""""
Holiday Inn Express - Hillsboro,"""[""Hotels""]""","""{""country"":""US""","""state"":""SD"""
Gresham Area Hotels,"""[""Hotels""","""Lodging""]""","""{""country"":""US"""
East Side Motel Cabins,"""[""Travel and Tourism""","""Hotels""","""Lodging"""
Sci�� On Martin,"""[""Hotels""]""","""{""country"":""IT""","""state"":"""""
Extended Stay America,"""[""Government Contractors""","""Hotels""","""Accommodations & Lodging"""
Mirazur Plus Kelly Inn,"""[""Hotel Downtown St. Cloud""","""Hotels""]""","""{""country"":""US"""
Spruce Meadow Cabins,"""[""Cabins & Chalets""","""Hotels""","""Lodging"""
Old Wheeler Hotel,"""[""Hotels""]""","""{""country"":""US""","""state"":""SD"""
Columbia Gorge Riverside Lodge,"""[""Hotels""","""Lodging""","""Resorts"""
Rideout's Lakeside Lodge Cottages,"""[""Motels""","""Lodging""","""Resorts"""
Residence Inn Billings,"""[""Hotels & Motels""","""Hotel""]""","""{""country"":""US"""
Campanile Lyon Ecully,"""[""Hotels""]""","""{""country"":""FR""","""state"":"""""
Country Inns Suites,"""[""Hotels""","""Meeting & Event Planning Services""","""Convention Services & Facilities""]"""
Bear Cove Inn,"""[""Hotels""","""Lodging""","""Motels""]"""
Lewis River Inn,"""[""Hotels""","""Lodging""","""Bed & Breakfast & Inns"""
Edgewater Inn & Cottages,"""[""Resorts & Vacation Cottages""","""Hotels""","""Bed & Breakfasts"""
Quality Inn,"""[""Hotels""","""Motels""]""","""{""country"":""US"""
Colonial Motel,"""[""Hotels""","""Lodging""","""Motels""]"""
Grand Hotel Cadenabbia,"""[""Hotels""]""","""{""country"":""IT""","""state"":"""""
Seaside Oceanfront Inn & Restaurant,"""[""Bed & Breakfasts""","""Hotels & Motels""]""","""{""country"":""US"""
Liberty Lodge,"""[""Motels""","""Resorts""","""Lodging"""
Clatskanie River Inn,"""[""Hotels""","""Lodging""","""Resorts"""
Americas Best Value Inn,"""[""Hotels""","""Lodging""","""Motels""]"""
Pheasant Manor,"""[""Hotels""","""Lodging""","""Motels""]"""
Econo Lodge Miles City,"""[""Hotels""]""","""{""country"":""US""","""state"":""NJ"""
Enchanted Castle Hotel,"""[""Hotels""","""Amusement Places & Arcades""","""Lodging"""
Advance Motel,"""[""Hotels""","""Hotels & Motels""","""Lodging"""
Yakima Inn,"""[""Hotels""]""","""{""country"":""US""","""state"":""UT"""
Super 8 Cloquet,"""[""Hotel""","""Hotels""]""","""{""country"":""US"""
Budget Host Inn,"""[""Motels""","""Lodging""","""Hotels""]"""
Quality Inn & Suites,"""[""Corporate Lodging""","""Hotels""","""Hotels & Motels"""
Little Belt Inn Neihart,"""[""Motels""","""Hotels""","""Restaurants"""
Longville Inn,"""[""Hotel""","""Hotels""]""","""{""country"":""US"""
Country Inn Walker,"""[""Hotels""]""","""{""country"":""US""","""state"":""MN"""
Motel 6,"""[""Hotels & Motels""","""Hotel""]""","""{""country"":""US"""
Rodeway Inn-tacoma,"""[""Hotels & Motels""]""","""{""country"":""US""","""state"":""UT"""
Howard Johnson,"""[""Lodging""","""Corporate Lodging""","""Hotels""]"""
Sumner Motor Inn,"""[""Hotel""","""Hotels""]""","""{""country"":""US"""
Days Inn,"""[""Hotels""","""Lodging""","""Motels""]"""
La Quinta Inn & Suites Auburn,"""[""Hotels & Motels""","""Family-Friendly Hotels""","""Extended Stay"""
A Swallow's Nest Motel,"""[""Motels""","""Hotels""","""Lodging"""
Inn At The River,"""[""Hotels""","""Lodging""","""Motels"""
Fitzgerald's Restaurant,"""[""American Restaurants""","""Restaurants""","""Hotels"""
Inn At Queen Anne,"""[""Hotels""]""","""{""country"":""US""","""state"":""UT"""
Hotel Deca - A Noble House Hotel,"""[""Hotel""","""fun hotels in seattle""]""","""{""country"":""US"""
Cougar Crest Lodge,"""[""Hotels""","""Lodging""","""Resorts"""
Howard Johnson,"""[""Hotels & Motels""]""","""{""country"":""US""","""state"":""UT"""
Sutton Bay Resort,"""[""Resorts""","""Hotels & Motels""","""Lodges In""]"""
Intercontinental Hotels Resorts,"""[""Hotels""","""Lodging""","""Motels""]"""
Inter-hotel Orl��ans Nord,"""[""Hotels""]""","""{""country"":""FR""","""state"":"""""
Great American Inn Suites,"""[""Hotels""","""Lodging""","""Motels"""
Sportsmen Motel,"""[""Hotels""","""Lodging""","""Motels""]"""
Five Seasuns Bed & Breakfast Inn,"""[""Hotels""","""Bed & Breakfasts""","""Spa Resorts"""
Fairbridge Inn,"""[""Hotels""]""","""{""country"":""US""","""state"":""NJ"""
Acorn Motor Inn,"""[""Hotels""]""","""{""country"":""US""","""state"":""UT"""
Western Inn-glacier Park,"""[""Hotels""]""","""{""country"":""US""","""state"":""NJ"""
Big Mountain Lodge,"""[""Hotels""]""","""{""country"":""US""","""state"":""NJ"""
Mt Gardner Inn,"""[""Hotels""","""Lodging""","""Bed & Breakfast & Inns"""
Juniper Lane Guest House,"""[""Hotels & Motels""","""B&bs / Inns""]""","""{""country"":""US"""
Spring Bay Inn,"""[""Bed & Breakfast & Inns""","""Hotels""","""Lodging"""
Econo Lodge,"""[""Corporate Housing""","""Corporate Lodging""","""Reception Centers"""
Comfort Hotel Nation Pere Lachaise Paris 11,"""[""Hotels""]""","""{""country"":""FR""","""state"":"""""
H��tel Sezz Paris,"""[""Hotels""]""","""{""country"":""FR""","""state"":"""""
Melia Paris Champs-elys��es,"""[""Hotels""]""","""{""country"":""FR""","""state"":"""""
Hotel Eug��ne En Ville,"""[""Hotels""]""","""{""country"":""FR""","""state"":"""""
Mirazur Hotel De Neuville,"""[""Hotels""]""","""{""country"":""FR""","""state"":"""""
Penzion Accom,"""[""Hotels""]""","""{""country"":""SK""","""state"":"""""
Ibis Wuerzburg City,"""[""Hotels""]""","""{""country"":""DE""","""state"":"""""
Sheraton Offenbach Hotel,"""[""Hotels""]""","""{""country"":""DE""","""state"":"""""
Hotel An Der Philharmonie,"""[""Hotels""]""","""{""country"":""DE""","""state"":"""""
Tryp Dusseldorf Krefeld Hotel,"""[""Hotels""]""","""{""country"":""DE""","""state"":"""""
Comfort Hotel Bernau,"""[""Hotel""","""Bernau Hotels""]""","""{""country"":""DE"""
Hotel Vorbach,"""[""Hotels""]""","""{""country"":""DE""","""state"":"""""
Royal Dutch Inn,"""[""Hotels""","""Lodging""]""","""{""country"":""US"""
Hotel Vier Jahreszeiten KÜhlungsborn,"""[""Gastronomic specialties""","""Hotels""]""","""{""country"":""DE"""
Eaglecrest Ski Area,"""[""ski & snowboard areas""","""Resorts""","""Lodging"""
Aspen Haus Bed and Breakfast,"""[""Hotels""","""Hotel""]""","""{""country"":""US"""
Dead Broke Inn,"""[""Motels""","""Hotels""]""","""{""country"":""US"""
Sonoma Coast Villa Spa,"""[""Bed & Breakfast & Inns""","""Hotels""]""","""{""country"":""US"""
Americana Resort Properties,"""[""Resorts""","""Hotels""","""Vacation Homes Rentals & Sales"""
Palomar Washington Dc," A Kimpton Hotel","""[""Hotels""","""bar drinks"""
Ubaa Old Crawford Inn,"""[""Bars & Clubs""","""Restaurants""","""Hotels & Motels"""
Holiday Inn Express Howe (sturgis," Mi)","""[""Lodging""","""Hotels & Motels"""
The Inn @ St. Botolph,"""[""Hotel and Bed Breakfast Prudential - St. Botolph""","""Hotels""]""","""{""country"":""US"""
Alyssa's Motel,"""[""Motels""","""Hotels""","""Lodging""]"""
Saco River Recreational Council,"""[""Hotels""","""Lodging""]""","""{""country"":""US"""
The Miner's Inn Motel Restaurant,"""[""Restaurants""","""Banquet Halls & Reception Facilities""","""Hotels"""
Mountaintop Lodge Bed Breakfast,"""[""Bed & Breakfast & Inns""","""Lodging""","""Resorts"""
Leakey Springs Cabins,"""[""Cabins & Chalets""","""Hotels""]""","""{""country"":""US"""
Hyatt Dulles,"""[""Hotels""]""","""{""country"":""US""","""state"":""MD"""
